Nexus7_32GB	27000	Google Nexus 7 タブレット 32GB 
Nexus7_16GB	22500	Google Nexus 7 タブレット 16GB
MD093J/A	98000	Apple iMac 21.5 i5 2.7GHz
PCH-1100AA01	19630	PlayStation Vita 3G/Wi‐Fi
CECH-4000B	23180	PlayStation 3 250GB
WUP-S-KAFC	30944	Wii U プレミアムセット
B006OV7O8U	27776	Xbox 360 250GB
yamawasabi	980	山わさび
shiroikoibito	1500	白い恋人
kuroiaijin	9800	黒い愛人
wadanoriyuki	10	和田憲幸の愛憎
yamato	2000	ヤマト運輸宅配代金
sagawa	1500	佐川急便宅配代金
bank	350	銀行振込手数料
mfp_paypal_payment	500	ペイパル決済手数料
